TIME;LC_INIT
735.3842;0.0069928286
735.4047;-0.0012337671
735.4251;-0.040842086
735.4455;-0.06745985
735.466;-0.07195166
735.4864;-0.07298578
735.5068;-0.056076594
735.5273;-0.01552961
735.5477;0.0019846715
735.5681;0.0019770737
735.5886;0.0011948555
735.609;0.0010122076
735.6294;0.0003546239
735.6498;-0.00028004433
735.6703;-0.0007602606
735.6907;-0.0012545999
735.7111;-0.0016937484
735.7316;-0.0019970897
735.752;-0.0027483164
735.7724;-0.003034075
735.7929;-0.0036152813
735.8133;-0.003789151
735.8337;-0.004263902
735.8542;-0.0044731456
735.8746;-0.0042396598
735.895;-0.0045712898
735.9155;-0.004471333
735.9359;-0.00419997
735.9563;-0.003671889
735.9768;-0.0036587596
735.9972;-0.003714982
736.0176;-0.0034439177
736.0381;-0.0031562613
736.0585;-0.0029532015
736.0789;-0.0024630737
736.0994;-0.0017534804
736.1198;-0.0017276951
736.1402;-0.0012175083
736.1607;-0.0014559913
736.1811;-0.00079842267
736.2015;1.9214753e-05
736.222;-0.00018182548
736.2424;-0.00014021773
736.2628;0.00052593724
736.2833;0.0009992399
736.3037;0.0032180871
736.3241;0.0018007361
736.3446;0.001932452
736.365;0.0023882028
736.3854;0.002925426
736.4059;0.003571819
736.4263;0.003560399
736.4467;0.003879779
736.4672;0.003616661
736.4876;0.004040084
736.508;0.0045741866
736.5285;0.004663603
736.5489;0.0044067814
736.5693;0.004807619
736.5898;0.0052558486
736.6102;0.0050026975
736.6306;0.005477581
736.6511;0.005763127
736.6715;0.005688492
736.6919;0.005947213
736.7124;0.0062230276
736.7328;0.0058042435
736.7532;0.0066607124
736.7737;0.0065353024
736.7941;0.0062385798
736.8145;0.0060785706
736.835;0.0057961834
736.8554;0.006092349
736.8758;0.006000646
736.8963;0.005739389
736.9167;0.005549179
736.9371;0.004857229
736.9576;0.005056753
736.978;0.0052462253
736.9984;0.0055453875
737.0189;0.0028534604
737.0393;-0.00094836415
737.0597;-0.002269655
737.0802;-0.002819549
737.1006;0.0010190594
737.121;0.0041020447
737.1415;0.012455924
737.1619;0.0032433956
737.1823;0.0026738353
737.2028;0.0023744635
737.2232;0.0022959295
737.2436;0.0013604605
737.2641;0.0006127611
737.2845;0.00029545592
737.3049;
737.3254;-0.00061059167
737.3458;-0.0014005966
737.3662;-0.0020624523
737.3867;-0.0024366553
737.4071;-0.002450483
737.4275;-0.002722439
737.448;-0.002349743
737.4684;-0.0033321332
737.4888;-0.0026763144
737.5093;-0.0030906568
737.5297;-0.003478571
737.5501;-0.0034846317
737.5706;-0.0030302624
737.591;-0.0029772285
737.6114;-0.0030245152
737.6319;-0.0030724825
737.6523;-0.0027905933
737.6727;-0.002094742
737.6932;4.9278457e-05
737.7136;-0.0017182747
737.734;-0.0010585036
737.7545;-0.001058537
737.7749;-0.0009904591
737.7953;-0.00085100794
737.8158;-0.00071776414
737.8362;-0.00023001921
737.8566;-0.00013153114
737.877;-8.151773e-05
737.8975;0.00040752292
737.9179;0.0004662582
737.9383;0.00066034816
737.9588;0.00033883186
737.9792;0.00107798
737.9996;0.0009758891
738.0201;0.00039928436
738.0405;0.00063042686
738.0609;0.00033835167
738.0814;0.00050455984
738.1018;0.00049557525
738.1222;-0.0005733077
738.1427;-0.00083961803
738.1631;-0.00092951243
738.1835;-0.0015190033
738.204;-0.0018520383
738.2244;-0.0020894022
738.2448;-0.002698414
738.2653;-0.0026888717
738.2857;-0.0035002362
738.3061;-0.0034453047
738.3266;-0.0037168632
738.347;-0.0039579486
738.3674;-0.004559511
738.3879;-0.0052799135
738.4083;-0.005476155
738.4287;-0.0051219603
738.4492;-0.005916724
738.4696;-0.0060913437
738.49;-0.006455541
738.5105;-0.0069603515
738.5309;-0.0068193064
738.5513;-0.0073734582
738.5718;-0.00771044
738.5922;-0.008273986
738.6126;-0.008645487
738.6331;-0.0083629005
738.6535;-0.008863088
738.6739;-0.009049305
738.6944;-0.009063633
738.7148;-0.009607869
738.7352;-0.0094233425
738.7557;-0.0097309
738.7761;-0.009598898
738.7965;-0.0099746715
738.817;-0.009779369
738.8374;-0.009379547
738.8578;-0.009102799
738.8783;-0.009387981
738.8987;-0.008739102
738.9191;-0.008878491
738.9396;-0.008546582
738.96;-0.007838125
738.9804;-0.007483951
739.0009;-0.0074082576
739.0213;-0.0071341223
739.0417;-0.0065939566
739.0622;-0.0058993446
739.0826;-0.005476862
739.103;-0.005582616
739.1235;-0.004872946
739.1439;-0.004642792
739.1643;-0.004249724
739.1848;-0.0014242168
739.2052;-0.0029231946
739.2256;-0.0028557351
739.2461;-0.0026271443
739.2665;-0.00241773
739.2869;-0.0015441527
739.3074;-0.001448236
739.3278;-0.0012991886
739.3482;-0.00084748754
739.3687;-0.00030938885
739.3891;0.00017497655
739.4095;0.0003490127
739.43;0.0012992945
739.4504;0.001116105
739.4708;0.0016454819
739.4913;0.0017607571
739.5117;0.0023894229
739.5321;0.002056392
739.5526;0.0024791183
739.573;0.0024953925
739.5934;0.0030043225
739.6139;0.0030955786
739.6343;0.003320826
739.6547;0.0032694284
739.6752;0.0029547247
739.6956;0.0032148256
739.716;0.0034940017
739.7365;0.0033452618
739.7569;0.0032077099
739.7773;0.0033925164
739.7978;0.0046840324
739.8182;0.0040058563
739.8386;0.0035685482
739.8591;0.0033050114
739.8795;0.0028137998
739.8999;0.0025824897
739.9204;0.0026821645
739.9408;0.0024672248
739.9612;0.0024673757
739.9817;0.0017782244
740.0021;0.0015430321
740.0225;0.0014213509
740.043;0.00088762434
740.0634;0.0005533763
740.0838;0.0004626069
740.1043;-0.00020376124
740.1247;-0.0063874414
740.1451;-0.044802856
740.1656;-0.076018766
740.186;-0.08209117
740.2064;-0.08177786
740.2269;-0.06811143
740.2473;-0.027196908
740.2677;-0.0040022586
740.2882;
740.3086;-0.0038002841
740.329;-0.0040217587
740.3494;-0.00434589
740.3699;-0.004889793
740.3903;-0.0048305676
740.4107;-0.0047412664
740.4312;-0.00486157
740.4516;-0.0043180706
740.472;-0.0044531263
740.4925;
740.5129;-0.0047792373
740.5333;-0.004240677
740.5538;-0.00414709
740.5742;-0.00452019
740.5946;-0.0038803339
740.6151;-0.0025260034
740.6355;-0.0030910822
740.6559;-0.00302261
740.6764;-0.002849559
740.6968;-0.002095821
740.7172;-0.0017802216
740.7377;-0.0016299778
740.7581;-0.0007021456
740.7785;-0.0011372584
740.799;-0.000950367
740.8194;-0.0003205608
740.8398;-0.00010099494
740.8603;8.521151e-06
740.8807;0.00066660094
740.9011;0.0005564249
740.9216;0.0011627602
740.942;0.0009286186
740.9624;0.0008607076
740.9829;0.0005343203
741.0033;0.001320768
741.0237;0.00072703144
741.0442;0.0010150707
741.0646;0.00079568225
741.085;0.0006576166
741.1055;0.00078923505
741.1259;0.00044262386
741.1463;3.484524e-05
741.1668;-3.64765e-05
741.1872;-0.0003831895
741.2076;-0.0013150809
741.2281;-0.00057563983
741.2485;-0.0014003505
741.2689;-0.001742534
741.2894;-0.001797302
741.3098;-0.0021201407
741.3302;-0.0023292038
741.3507;-0.0030731822
741.3711;-0.002826725
741.3915;-0.003422286
741.412;-0.003710098
741.4324;-0.0040737963
741.4528;-0.0040764743
741.4733;-0.004570148
741.4937;-0.0050970907
741.5141;-0.005255855
741.5346;-0.005342078
741.555;-0.005667904
741.5754;-0.0060627833
741.5959;-0.006213757
741.6163;-0.0065048677
741.6367;-0.0063910377
741.6572;-0.0064895656
741.6776;-0.0066845547
741.698;-0.0071145114
741.7185;-0.0071147215
741.7389;-0.0077565503
741.7593;-0.012887494
741.7798;-0.01388824
741.8002;-0.014111634
741.8206;-0.010013299
741.8411;-0.00640547
741.8615;-0.0065571405
741.8819;-0.006347625
741.9024;-0.005718855
741.9228;-0.0056319106
741.9432;-0.0052221683
741.9637;-0.0039456915
741.9841;-0.003904788
742.0045;-0.0036481177
742.025;-0.0028399485
742.0454;-0.0025113055
742.0658;-0.002070429
742.0863;-0.0013698671
742.1067;-0.0011621695
742.1271;-0.00029399013
742.1476;-0.00012078087
742.168;1.631562e-05
742.1884;0.000893923
742.2089;0.0008168726
742.2293;0.0016100551
742.2497;0.0019556747
742.2702;0.0021438368
742.2906;0.002261809
742.311;0.0026638666
742.3315;0.0027933843
742.3519;0.0032757926
742.3723;0.0032004355
742.3928;0.0036554325
742.4132;0.004247876
742.4336;0.003973255
742.4541;0.004741776
742.4745;0.0043560546
742.4949;0.0046893735
742.5154;0.0055231983
742.5358;0.0053103813
742.5562;0.005712908
742.5767;0.0052224267
742.5971;0.005577048
742.6175;0.0051269033
742.638;0.005190522
742.6584;0.005793278
742.6788;0.0059789713
742.6993;0.005641953
742.7197;0.005977454
742.7401;0.0060163424
742.7606;0.005556024
742.781;0.005873955
742.8014;0.00510157
742.8219;0.004956241
742.8423;0.0052718106
742.8627;0.005022621
742.8832;0.0049281204
742.9036;0.0045485566
742.924;0.004542786
742.9445;0.004426487
742.9649;0.004440234
742.9853;0.0036950053
743.0058;0.0035388516
743.0262;0.002813954
743.0466;0.002751166
743.0671;0.0024983897
743.0875;0.0022066555
743.1079;0.0015796768
743.1283;0.0014791487
743.1488;0.0013166463
743.1692;0.0014144819
743.1896;0.0010996464
743.2101;0.00061897776
743.2305;5.9092752e-05
743.2509;-0.00051657093
743.2714;
743.2918;-0.0011058259
743.3122;-0.0012962294
743.3327;-0.0014063603
743.3531;-0.0014101117
743.3735;-0.0013813314
743.394;-0.0019551283
743.4144;-0.001653811
743.4348;-0.002128467
743.4553;-0.0015555072
743.4757;-0.0012911966
743.4961;-0.0012440385
743.5166;-0.0012728433
743.537;-0.00046988297
743.5574;-5.664007e-06
743.5779;2.847961e-05
743.5983;0.00061217207
743.6187;0.0010172627
743.6392;0.0013170302
743.6596;0.0012730138
743.68;0.0017648014
743.7005;0.0018284657
743.7209;0.0022616135
743.7413;0.0027483578
743.7618;0.0027520806
743.7822;0.0032923396
743.8026;0.0034688888
743.8231;0.003665445
743.8435;0.0042399433
743.8639;0.0044297483
743.8844;0.004160362
743.9048;0.004870437
743.9252;0.0046272385
743.9457;0.0046482007
743.9661;0.0048074247
743.9865;0.0051527317
744.007;0.004886028
744.0274;0.0047753155
744.0478;0.0048654885
744.0683;0.004815123
744.0887;0.0042256177
744.1091;0.0041156365
744.1296;0.003835593
744.15;0.0033065157
744.1704;0.0035867568
744.1909;0.0030690655
744.2113;0.0027518533
744.2317;0.0024379755
744.2522;0.001907108
744.2726;0.0017612583
744.293;0.0010229981
744.3135;0.0010430621
744.3339;0.00071064004
744.3543;0.00081081403
744.3748;0.0005512637
744.3952;0.0004052504
744.4156;-0.00022126282
744.4361;-8.310815e-05
744.4565;-0.00029410486
744.4769;-0.00024077803
744.4974;-8.0420585e-05
744.5178;-0.00071238365
744.5382;-0.0008993071
744.5587;-0.0009895288
744.5791;-0.00085080584
744.5995;-0.0011132855
744.62;-0.00056099787
744.6404;-0.0008637363
744.6608;-0.0013326328
744.6813;-0.0007042203
744.7017;-0.0006576452
744.7221;-0.00048321893
744.7426;-0.00041240762
744.763;-0.00032004385
744.7834;-0.000115444294
744.8039;0.00020537626
744.8243;0.0007431861
744.8447;-0.003635343
744.8652;-0.03973637
744.8856;-0.07479979
744.906;-0.083108686
744.9265;-0.08118615
744.9469;-0.06493678
744.9673;-0.02403162
744.9878;0.0028506368
745.0082;0.0045574885
745.0286;0.004492558
745.0491;0.0051180413
745.0695;0.0053682663
745.0899;0.0055070682
745.1104;0.006242835
745.1308;0.0062370314
745.1512;0.006581437
745.1717;0.007119164
745.1921;0.007343525
745.2125;0.0075720344
745.233;0.007812255
745.2534;0.0077543184
745.2738;0.008206974
745.2943;0.008779347
745.3147;0.008806564
745.3351;0.009080292
745.3556;0.00973367
745.376;0.00936375
745.3964;0.009583231
745.4169;0.009490566
745.4373;0.009651327
745.4577;0.009799399
745.4782;0.010000988
745.4986;0.010464541
745.519;0.010148217
745.5395;0.011317962
745.5599;0.010035352
745.5803;0.0098252455
745.6008;0.009885156
745.6212;0.009683833
745.6416;0.009762693
745.6621;0.009309815
745.6825;0.008402871
745.7029;0.009893219
745.7234;0.008737159
745.7438;0.008311446
745.7642;0.008604855
745.7847;0.008451843
745.8051;0.007880059
745.8255;0.0085554775
745.846;0.007470256
745.8664;0.007457701
745.8868;0.006809874
745.9073;0.0066547464
745.9277;0.0071483096
745.9481;0.006062763
745.9686;0.0058730696
745.989;0.0056170924
746.0094;0.00527214
746.0299;0.004386991
746.0503;0.0043191304
746.0707;0.0038706441
746.0912;0.0032599038
746.1116;0.0033114364
746.132;0.002790647
746.1525;0.0022174
746.1729;0.0017402852
746.1933;0.0011168572
746.2138;0.0008145213
746.2342;0.00064239535
746.2546;
746.2751;0.000122063124
746.2955;-1.0942981e-05
746.3159;-0.00021381189
746.3364;-0.0010857857
746.3568;-0.00075301284
746.3772;-0.0010714523
746.3976;-0.0010232544
746.4181;-0.0011745599
746.4385;-0.00085740257
746.4589;0.0003619524
746.4794;-0.0048626596
746.4998;-0.0072629126
746.5202;-0.0068917517
746.5407;-0.0038374213
746.5611;0.00069313665
746.5815;0.0009093629
746.602;0.0005860436
746.6224;0.0011431254
746.6428;0.0015851246
746.6633;0.0024417462
746.6837;0.0021411178
746.7041;0.0024218392
746.7246;0.0028186187
746.745;0.0030797392
746.7654;0.002903709
746.7859;0.0035688789
746.8063;0.0032012342
746.8267;0.0036829226
746.8472;0.0030792574
746.8676;0.0038340532
746.888;0.0033544167
746.9085;0.004065457
746.9289;0.0038072828
746.9493;0.0031374146
746.9698;0.003016689
746.9902;0.003311643
747.0106;0.002770358
747.0311;0.0028488105
747.0515;0.002665623
747.0719;0.00251448
747.0924;0.0024773618
747.1128;0.0015904229
747.1332;0.0011566567
747.1537;0.0014823534
747.1741;0.0005477548
747.1945;0.0011707139
747.215;0.00033574502
747.2354;0.0003922382
747.2558;0.0003004661
747.2763;0.00081183994
747.2967;0.00053772517
747.3171;0.00013429514
747.3376;-0.00038795854
747.358;-0.00039368315
747.3784;-0.0009888088
747.3989;-0.0014246898
747.4193;-0.0015973042
747.4397;-0.0014716804
747.4602;-0.0017256252
747.4806;-0.0018092643
747.501;-0.0018653325
747.5215;-0.0024263808
747.5419;-0.0011966972
747.5623;-0.0018248431
747.5828;-0.0024839758
747.6032;-0.0026228384
747.6236;-0.0026904554
747.6441;-0.0021531372
747.6645;-0.0025953618
747.6849;-0.0025399262
747.7054;-0.0022108138
747.7258;-0.002268183
747.7462;-0.0020219465
747.7667;-0.0016232965
747.7871;-0.0014690444
747.8075;-0.00025814818
747.828;-0.000981044
747.8484;-0.00038687594
747.8688;3.576637e-05
747.8893;0.00048370243
747.9097;0.00040347912
747.9301;0.0010720644
747.9506;0.001378567
747.971;0.0019067761
747.9914;0.0023799245
748.0119;0.0024930234
748.0323;0.0028979357
748.0527;0.0033616498
748.0732;
748.0936;0.0033938747
748.114;0.0040981644
748.1345;0.0034180481
748.1549;0.0041882964
748.1753;0.0041327975
748.1958;0.0043716333
748.2162;0.004969949
748.2366;0.0044942973
748.2571;0.0050828536
748.2775;0.0051799305
748.2979;0.005058635
748.3184;0.0049347375
748.3388;0.005116642
748.3592;0.005103923
748.3797;0.005132763
748.4001;0.005088976
748.4205;0.005170844
748.441;0.0056294343
748.4614;0.0048047127
748.4818;0.0049647395
748.5023;0.005290517
748.5227;0.005022014
748.5431;0.0047322023
748.5636;0.0049559916
748.584;0.0044331686
748.6044;0.0042747054
748.6249;0.0046931184
748.6453;0.0044340496
748.6657;0.004449959
748.6862;0.0046241367
748.7066;0.0033966673
748.727;0.0029696513
748.7475;0.0026294147
748.7679;0.0022678697
748.7883;0.0018149092
748.8088;0.001800482
748.8292;0.0015116463
748.8496;0.0012709581
748.8701;0.00035425194
748.8905;0.0006444883
748.9109;0.0001920972
748.9314;-0.0006283138
748.9518;-0.0004987862
748.9722;-0.0010497497
748.9927;-0.0018972438
749.0131;-0.0024317785
749.0335;-0.0022220593
749.054;-0.00252342
749.0744;-0.003328866
749.0948;-0.004025655
749.1153;-0.004018367
749.1357;-0.0046439916
749.1561;-0.0048284805
749.1766;-0.005510386
749.197;-0.0055414857
749.2174;-0.0065380586
749.2379;
749.2583;-0.0072241435
749.2787;-0.0071003903
749.2992;-0.00768535
749.3196;-0.007483113
749.34;-0.007385792
749.3605;-0.0076752785
749.3809;-0.007913446
749.4013;-0.008099968
749.4218;-0.0075847716
749.4422;-0.0073156
749.4626;-0.0073055467
749.4831;-0.0070362124
749.5035;-0.0066857915
749.5239;-0.0064813583
749.5444;-0.0061394772
749.5648;-0.008796166
749.5852;-0.03914104
749.6057;-0.07614728
749.6261;-0.08606279
749.6465;-0.08583574
749.667;-0.07627864
749.6874;-0.03788619
749.7078;-0.0071465196
749.7283;-0.0045569926
749.7487;-0.0042234072
749.7691;-0.003766606
749.7896;-0.003939302
749.81;-0.00377464
749.8304;-0.004261759
749.8509;-0.003661898
749.8713;-0.003942113
749.8917;-0.004323909
749.9122;-0.003814813
749.9326;-0.0039856383
749.953;-0.0045162695
749.9735;-0.0043689306
749.9939;-0.0043047927
750.0143;-0.004655277
750.0348;-0.0040572863
750.0552;-0.0047342307
750.0756;-0.0048730117
750.0961;-0.0056333197
750.1165;-0.0053957854
750.1369;-0.0052176225
750.1574;-0.0059174206
750.1778;-0.0052917777
750.1982;
750.2187;-0.0053068874
750.2391;-0.0058060433
750.2595;-0.0058271396
750.28;-0.005858565
750.3004;-0.0061032386
750.3208;-0.005966798
750.3413;-0.006128189
750.3617;-0.0057997275
750.3821;-0.006191609
750.4026;-0.006014584
750.423;-0.00512657
750.4434;-0.004864555
750.4639;-0.006126834
750.4843;-0.0060638348
750.5047;-0.0056241946
750.5252;-0.0057914415
750.5456;-0.0057566636
750.566;-0.005924236
750.5864;-0.0055485214
750.6069;-0.005827435
750.6273;-0.0052196034
750.6477;-0.005322681
750.6682;-0.005637624
750.6886;-0.0055982918
750.709;-0.005068456
750.7295;-0.0052365162
750.7499;-0.0045839534
750.7703;-0.0045566577
750.7908;-0.0048589134
750.8112;-0.004267592
750.8316;-0.0039014744
750.8521;-0.0038725524
750.8725;-0.003627536
750.8929;-0.0028182492
750.9134;-0.002162433
750.9338;-0.0024748545
750.9542;-0.00179041
750.9747;-0.0018766519
750.9951;-0.0017782738
751.0155;-0.0014510322
751.036;-0.0011213507
751.0564;-0.0011740032
751.0768;-0.00044702285
751.0973;-0.0011545473
751.1177;2.2108541e-05
751.1381;-0.00016612165
751.1586;-0.0003472761
751.179;0.00029577131
751.1994;-0.0037319025
751.2199;-0.0061049103
751.2403;-0.006277525
751.2607;-0.0036073183
751.2812;0.0010432827
751.3016;0.0016712026
751.322;0.0015299814
751.3425;0.002046804
751.3629;0.0016515881
751.3833;0.0016186989
751.4038;0.0015341649
751.4242;0.0015606468
751.4446;0.0017953345
751.4651;0.0012907293
751.4855;0.0014129371
751.5059;0.0013307616
751.5264;0.0013036468
751.5468;0.0017064444
751.5672;0.00087741227
751.5877;0.0008961678
751.6081;0.00037554046
751.6285;0.00037965656
751.649;0.00032049764
751.6694;0.00042505676
751.6898;-0.00014176629
751.7103;-0.00029022593
751.7307;-0.00084582536
751.7511;-0.0008769253
751.7716;-0.001397146
751.792;-0.0016342558
751.8124;-0.0016992706
751.8329;-0.0015256619
751.8533;-0.0022740143
751.8737;-0.002644831
751.8942;-0.002581832
751.9146;-0.0032980589
751.935;-0.0032928854
751.9555;-0.00317938
751.9759;-0.004327959
751.9963;-0.0050379233
752.0168;-0.0056706243
752.0372;-0.006002972
752.0576;-0.0063432897
752.0781;-0.007011857
752.0985;-0.0068803774
752.1189;-0.006975322
752.1394;-0.007741079
752.1598;-0.008404441
752.1802;-0.008031654
752.2007;-0.008649878
752.2211;
752.2415;-0.008887508
752.262;-0.008957728
752.2824;-0.009330415
752.3028;-0.009789719
752.3233;-0.009759578
752.3437;-0.009715447
752.3641;-0.009099646
752.3846;-0.008457493
752.405;-0.008929078
752.4254;-0.008404204
752.4459;-0.008465883
752.4663;-0.008097082
752.4867;-0.0076894048
752.5072;-0.0072182086
752.5276;-0.007371792
752.548;-0.0073203417
752.5685;-0.006702832
752.5889;-0.0068600755
752.6093;-0.006379038
752.6298;-0.005452798
752.6502;-0.005301474
752.6706;-0.004969028
752.6911;-0.0053769313
752.7115;-0.0050527803
752.7319;-0.004706182
752.7524;-0.0042622313
752.7728;-0.0039260434
752.7932;-0.003919406
752.8137;-0.0034847269
752.8341;-0.0034596277
752.8545;-0.0034049242
752.875;-0.0025892123
752.8954;-0.0023759145
752.9158;-0.002747626
752.9363;-0.002500739
752.9567;-0.0026824628
752.9771;-0.0020847162
752.9976;-0.0020655543
753.018;-0.0020005216
753.0384;-0.0017821001
753.0589;
753.0793;
753.0997;
753.1202;-0.001494399
753.1406;-0.001298262
753.161;-0.0017734257
753.1815;-0.0016014437
753.2019;-0.0010022335
753.2223;-0.0012443045
753.2428;-0.001304358
753.2632;-0.0011002506
753.2836;-0.0015375144
753.3041;-0.0011212161
753.3245;-0.0012106299
753.3449;-0.0011498266
753.3654;-0.00064512214
753.3858;-0.00015684645
753.4062;-0.00016061943
753.4267;-0.0001234019
753.4471;-0.00040011958
753.4675;-0.00042772235
753.488;-0.0001043033
753.5084;-0.00033881053
753.5288;-0.00047588395
753.5493;-0.00089094456
753.5697;-0.0003949425
753.5901;5.941844e-05
753.6106;-2.7799495e-05
753.631;-0.00012550905
753.6514;0.0007415221
753.6719;0.00060249673
753.6923;0.0009070472
753.7127;0.0007997406
753.7332;0.0010994925
753.7536;0.0018809641
753.774;0.001960392
753.7945;0.0022869017
753.8149;0.0026091821
753.8353;0.0030212514
753.8558;0.0034314499
753.8762;0.0037784546
753.8966;0.0037192958
753.9171;0.004391622
753.9375;0.0051664244
753.9579;0.0050862823
753.9784;0.005144402
753.9988;0.0051934933
754.0192;0.005926492
754.0397;0.006202089
754.0601;0.0062299534
754.0805;0.006522386
754.101;0.0066466266
754.1214;0.006720931
754.1418;0.00704557
754.1623;0.0072672446
754.1827;0.0072367955
754.2031;0.007793226
754.2236;0.0074363165
754.244;0.007867904
754.2644;0.007837944
754.2849;0.00706202
754.3053;-0.021159647
754.3257;-0.062140096
754.3462;-0.07415392
754.3666;-0.07837199
754.387;-0.06844248
754.4075;-0.03210191
754.4279;0.004042245
754.4483;0.008280908
754.4688;0.008167908
754.4892;0.008079307
754.5096;0.008069516
754.5301;0.00892573
754.5505;0.008247647
754.5709;0.007884963
754.5914;0.0076187374
754.6118;0.0069714785
754.6322;0.007397699
754.6527;0.0069053746
754.6731;0.0064547723
754.6935;0.0066984063
754.714;0.0060260165
754.7344;0.005965475
754.7548;0.0061189947
754.7753;0.0054398547
754.7957;0.005309125
754.8161;0.0047845123
754.8366;0.0041745026
754.857;0.004150153
754.8774;0.0050027072
754.8979;0.0035607696
754.9183;0.0036344233
754.9387;0.002931209
754.9592;0.0023913062
754.9796;0.0020483043
755;0.0016864338
755.0205;0.0009789092
755.0409;0.0005536009
755.0613;-3.851593e-05
755.0818;-0.00037859
755.1022;0.00026453868
755.1226;-0.001225384
755.1431;-0.0014258951
755.1635;-0.0018192406
755.1839;
755.2044;-0.0025847042
755.2248;-0.0024011733
755.2452;-0.002587533
755.2657;-0.002417178
755.2861;-0.0026566463
755.3065;-0.0024650637
755.327;-0.0024880308
755.3474;-0.0022212989
755.3678;-0.0021003112
755.3883;-0.0017961675
755.4087;-0.0011539335
755.4291;-0.0019211546
755.4496;-0.0014169381
755.47;-0.0016952012
755.4904;-0.00087404036
755.5109;-0.0009856574
755.5313;-0.0005480506
755.5517;-0.00036151058
755.5722;-0.0004571056
755.5926;0.00066440826
755.613;0.0007040656
755.6335;0.0004857431
755.6539;0.0009558821
755.6743;0.0009783788
755.6948;0.0013626328
755.7152;0.0016898745
755.7356;0.0016425897
755.7561;0.0018027786
755.7765;0.0015095508
755.7969;0.0021264912
755.8174;0.0019069486
755.8378;0.0017479972
755.8582;0.0042196764
755.8787;0.002291627
755.8991;0.0017426152
755.9195;-0.0016257134
755.94;-0.0052128206
755.9604;-0.0053815315
755.9808;-0.0037511338
756.0013;0.0015293706
756.0217;0.0014068552
756.0421;0.001956942
756.0626;0.0020851681
756.083;0.0021477607
756.1034;0.0021090969
756.1239;0.0017514554
756.1443;0.0019732928
756.1647;0.0017962861
756.1852;0.0016169208
756.2056;0.0019186246
756.226;0.001822379
756.2465;0.0013662465
756.2669;0.0013688172
756.2873;0.0016510016
756.3078;0.0014381283
756.3282;0.0018498721
756.3486;0.0016452944
756.3691;0.0016184235
756.3895;0.0016247354
756.4099;0.0014745677
756.4304;0.0019063187
756.4508;0.0019423976
756.4712;0.0019565986
756.4917;0.0023227972
756.5121;0.0018746351
756.5325;0.0018183227
756.553;0.0017111788
756.5734;0.0021590332
756.5938;0.0018617389
756.6143;0.0020447816
756.6347;0.0021531633
756.6551;0.0025074065
756.6756;0.0025300658
756.696;0.002754099
756.7164;0.0032889768
756.7369;0.0036968167
756.7573;0.003743062
756.7777;0.0049383426
756.7982;0.0058078133
756.8186;0.005725638
756.839;0.0059613013
756.8595;0.0060186074
756.8799;0.0063297455
756.9003;0.0069970293
756.9208;0.0067150253
756.9412;0.006795673
756.9616;0.0072258785
756.9821;0.007433158
757.0025;0.0072108502
757.0229;0.007965564
757.0434;0.0075868582
757.0638;0.008002831
757.0842;0.008180588
757.1047;0.008846733
757.1251;0.009523531
757.1455;0.009974965
757.166;0.00945694
757.1864;0.009632338
757.2068;0.009134076
757.2273;0.009083294
757.2477;0.00875672
757.2681;0.008971157
757.2886;0.00892981
757.309;0.008778259
757.3294;0.008976348
757.3499;0.009195176
757.3703;0.0090097925
757.3907;0.008617504
757.4112;0.008568918
757.4316;0.008909741
757.452;0.00830266
757.4725;0.007925255
757.4929;0.008056166
757.5133;0.0077119432
757.5338;0.007125194
757.5542;0.0071931547
757.5746;0.0070153344
757.5951;0.0069879754
757.6155;0.0062864693
757.6359;0.005756001
757.6564;0.0056072157
757.6768;0.005291622
757.6972;0.004526597
757.7177;0.0045881323
757.7381;0.004253995
757.7585;0.004138718
757.779;0.0037228442
757.7994;0.0032685008
757.8198;0.0026419812
757.8403;0.0028329943
757.8607;0.0021162792
757.8811;0.0012382861
757.9016;0.0010507879
757.922;0.000593842
757.9424;0.0006091816
757.9629;-0.00020122602
757.9833;-0.00052666065
758.0037;-0.0011387848
758.0242;-0.0012201471
758.0446;-0.0018818014
758.065;-0.0021160648
758.0855;-0.0032596828
758.1059;-0.0032176669
758.1263;-0.0027853467
758.1468;-0.0032045553
758.1672;
758.1876;-0.0033692315
758.2081;-0.0039293044
758.2285;-0.0042413194
758.2489;-0.0044166995
758.2694;-0.004476997
758.2898;-0.004626596
758.3102;-0.0041324645
758.3307;-0.004318092
758.3511;-0.004224838
758.3715;-0.0042321896
758.392;-0.0037844165
758.4124;-0.003987693
758.4328;-0.0033445645
758.4533;-0.003362977
758.4737;-0.0032467877
758.4941;-0.0026298475
758.5146;-0.00268738
758.535;-0.0023845376
758.5554;-0.002604731
758.5759;-0.0023055484
758.5963;-0.0015710858
758.6167;-0.0019043281
758.6372;-0.0021008542
758.6576;-0.0017657237
758.678;-0.0011152753
758.6985;-0.0013266035
758.7189;-0.00084296375
758.7393;-0.00064454955
758.7598;-0.00083034
758.7802;-0.0010876198
758.8006;-0.0007369552
758.8211;-0.0009271375
758.8415;-0.0010471316
758.8619;-0.0012844856
758.8824;-0.00072683516
758.9028;-0.00080689613
758.9232;-0.0010405089
758.9437;-0.0016621486
758.9641;-0.0012741535
758.9845;-0.0016725414
759.005;-0.0025345124
759.0254;-0.026845409
759.0458;-0.06909835
759.0663;-0.07967979
759.0867;-0.08079551
759.1071;-0.07620022
759.1276;-0.045628164
759.148;-0.0072748316
759.1684;-0.0013354702
759.1889;-0.0018234029
759.2093;-0.0012987728
759.2297;-0.0013031152
759.2502;-0.0013182744
759.2706;-0.0013832893
759.291;-0.0017097
759.3115;-0.0015110418
759.3319;-0.0013340989
759.3523;-0.00020461473
759.3728;-0.001397519
759.3932;-0.000849547
759.4136;-0.00091675774
759.4341;-0.0009579428
759.4545;-0.00035710604
759.4749;-0.0003428238
759.4954;-0.00088028674
759.5158;-0.0004435746
759.5362;-0.00027232477
759.5567;0.00015178113
759.5771;-0.0003374529
759.5975;0.00061774027
759.618;0.0009675102
759.6384;0.00073633745
759.6588;0.0012548679
759.6793;0.0013011129
759.6997;0.0018945487
759.7201;0.0024739956
759.7406;0.0028020504
759.761;0.0039051021
759.7814;0.0039877016
759.8019;0.0038430644
759.8223;0.0044963593
759.8427;0.0043678256
759.8632;0.0052018366
759.8836;0.005232954
759.904;0.0054742293
759.9245;0.005961854
759.9449;0.0062428187
759.9653;0.006483362
759.9858;0.006539773
760.0062;0.006479313
760.0266;0.0066371434
760.0471;0.006973738
760.0675;0.0075398465
760.0879;0.0076757176
760.1084;0.007900808
760.1288;0.007883941
760.1492;0.007855687
760.1697;0.008134211
760.1901;0.008530096
760.2105;0.008395869
760.231;0.007997643
760.2514;0.008570096
760.2718;0.008275811
760.2923;0.007944033
760.3127;0.00824842
760.3331;0.007850357
760.3536;0.0077745253
760.374;0.00815268
760.3944;0.008107021
760.4149;0.007444635
760.4353;0.006856097
760.4557;0.006705766
760.4762;0.006341293
760.4966;0.0065600397
760.517;0.0072989753
760.5375;0.0060522305
760.5579;0.0052382443
760.5783;0.0056399843
760.5988;0.0051367613
760.6192;0.004466974
760.6396;0.0010532629
760.6601;-0.0037602251
760.6805;-0.0039334907
760.7009;-0.0026207692
760.7214;
760.7418;0.002317221
760.7622;0.0015209648
760.7827;0.0013487565
760.8031;0.00077095366
760.8235;0.00062615366
760.844;-0.0002031226
760.8644;-0.000946514
760.8848;-0.0008082843
760.9053;-0.00094291806
760.9257;-0.00027482107
760.9461;-0.0009905602
760.9666;-0.0018263429
760.987;-0.0023294846
761.0074;-0.0030491275
761.0279;-0.002977914
761.0483;-0.003584101
761.0687;
761.0892;
761.1096;
761.13;
761.1504;
761.1709;
761.1913;
761.2117;
761.2322;
761.2526;
761.273;
761.2935;
761.3139;
761.3343;
761.3548;
761.3752;
761.3956;
761.4161;
761.4365;
761.4569;
761.4774;
761.4978;
761.5182;
761.5387;
761.5591;
761.5795;
761.6;
761.6204;
761.6408;
761.6613;
761.6817;
761.7021;
761.7226;
761.743;
761.7634;
761.7839;
761.8043;
761.8247;
761.8452;
761.8656;
761.886;
761.9065;
761.9269;
761.9473;
761.9678;
761.9882;
762.0086;
762.0291;
762.0495;
762.0699;
762.0904;
762.1108;
762.1312;
762.1517;
762.1721;
762.1925;
762.213;
762.2334;
762.2538;
762.2743;
762.2947;
762.3151;
762.3356;
762.356;
762.3764;
762.3969;
762.4173;
762.4377;
762.4582;
762.4786;
762.499;
762.5195;
762.5399;
762.5603;
762.5808;
762.6012;
762.6216;
762.6421;
762.6625;
762.6829;
762.7034;
762.7238;
762.7442;
762.7647;
762.7851;
762.8055;
762.826;
762.8464;
762.8668;
762.8873;
762.9077;
762.9281;
762.9486;
762.969;
762.9894;
763.0099;
763.0303;
763.0507;
763.0712;
763.0916;
763.112;
763.1325;
763.1529;
763.1733;
763.1938;
763.2142;
763.2346;
763.2551;
763.2755;
763.2959;
763.3164;
763.3368;
763.3572;
763.3777;
763.3981;
763.4185;
763.439;
763.4594;
763.4798;
763.5003;
763.5207;
763.5411;
763.5616;
763.582;
763.6024;
763.6229;
763.6433;
763.6637;
763.6842;
763.7046;
763.725;
763.7455;
763.7659;0.00476208
763.7863;-0.028108928
763.8068;-0.03871484
763.8272;-0.04012839
763.8476;-0.014947038
763.8681;0.022360628
763.8885;0.028688116
763.9089;0.02692473
763.9294;0.025616452
763.9498;0.024095848
763.9702;0.02288526
763.9907;0.021863937
764.0111;0.020280434
764.0315;0.01894729
764.052;0.01835416
764.0724;0.01816192
764.0928;0.016263004
764.1133;0.014887306
764.1337;0.014714962
764.1541;0.014462352
764.1746;0.013741532
764.195;0.012880711
764.2154;0.0119576985
764.2359;0.010987773
764.2563;0.010826928
764.2767;0.01019551
764.2972;0.009769698
764.3176;0.009956793
764.338;0.009503818
764.3585;0.009271004
764.3789;0.008908063
764.3993;0.008498438
764.4198;0.008298564
764.4402;0.00824606
764.4606;0.00768451
764.4811;0.00756987
764.5015;0.0070646005
764.5219;0.0071092867
764.5424;0.006928119
764.5628;0.007005988
764.5832;0.0069658468
764.6037;0.0070511983
764.6241;0.0063279634
764.6445;0.0063582542
764.665;0.0061298334
764.6854;0.0063608475
764.7058;0.0068241414
764.7263;0.0066750175
764.7467;0.0061368905
764.7671;0.005770533
764.7876;0.0057633305
764.808;0.005910656
764.8284;0.005068435
764.8489;0.005434457
764.8693;0.0051066508
764.8897;0.0048954715
764.9102;0.0048932303
764.9306;0.0056890026
764.951;0.0051682806
764.9715;0.005076901
764.9919;0.004642145
765.0123;0.004903089
765.0328;0.004359594
765.0532;0.0044122506
765.0736;0.0045212694
765.0941;0.0044960114
765.1145;0.004019696
765.1349;0.004132618
765.1554;0.00394535
765.1758;0.003689277
765.1962;0.0038373342
765.2167;0.0039944192
765.2371;0.0037442015
765.2575;0.0040131155
765.278;0.0034662865
765.2984;0.0033785668
765.3188;0.004110088
765.3393;0.0038688984
765.3597;0.00052284065
765.3801;-0.0030426465
765.4006;-0.0027414442
765.421;-0.0022845755
765.4414;0.003939917
765.4619;0.0042872336
765.4823;0.004748413
765.5027;0.0053048297
765.5232;0.005442233
765.5436;0.005339467
765.564;0.006137598
765.5845;0.006681246
765.6049;0.0069887107
765.6253;0.0068791946
765.6458;0.007191946
765.6662;0.0079354225
765.6866;0.007657553
765.7071;0.008136136
765.7275;0.008991037
765.7479;0.009076144
765.7684;0.008874725
765.7888;0.009194307
765.8092;0.009365544
765.8297;0.009484404
765.8501;0.009597814
765.8705;0.009761405
765.891;0.009680762
765.9114;0.010526877
765.9318;
765.9523;0.010645935
765.9727;0.0107700005
765.9931;0.010621039
766.0136;0.010926308
766.034;0.010585082
766.0544;0.010976316
766.0749;0.010575313
766.0953;0.010717596
766.1157;0.01067355
766.1362;0.010820794
766.1566;0.009811196
766.177;0.010032857
766.1975;0.010391803
766.2179;0.00950363
766.2383;0.009469345
766.2588;0.009247837
766.2792;0.008889938
766.2996;0.008250961
766.3201;0.008394627
766.3405;0.007700915
766.3609;0.007433537
766.3814;0.006964703
766.4018;0.006654545
766.4222;0.0063801724
766.4427;0.0063341754
766.4631;0.005727568
766.4835;0.005183179
766.504;0.0047656647
766.5244;0.004445259
766.5448;0.004413902
766.5653;0.004013467
766.5857;0.00316173
766.6061;0.0031069494
766.6266;0.00221715
766.647;0.0018764931
766.6674;0.0013788686
766.6879;0.0008579836
766.7083;0.0006594922
766.7287;0.0006986481
766.7492;-0.00038016314
766.7696;-0.00031742145
766.79;-0.000730625
766.8105;-0.0014043298
766.8309;-0.0022145882
766.8513;-0.002259853
766.8718;-0.0031898299
766.8922;-0.0034718476
766.9126;-0.0037428043
766.9331;-0.003962035
766.9535;-0.0050275894
766.9739;-0.005135235
766.9944;-0.005258821
767.0148;-0.005381187
767.0352;-0.0058788927
767.0557;-0.0058801584
767.0761;-0.0061024795
767.0965;-0.0062178513
767.117;-0.0060157906
767.1374;-0.0062116794
767.1578;-0.0059942473
767.1783;-0.005884253
767.1987;-0.006369922
767.2191;-0.005837904
767.2396;-0.0057287225
767.26;-0.0059752804
767.2804;-0.005990209
767.3009;-0.005916732
767.3213;-0.005623581
767.3417;-0.005374674
767.3622;-0.005205471
767.3826;-0.0055196956
767.4031;-0.005421331
767.4235;-0.004939738
767.4439;-0.0049594655
767.4644;-0.0050700386
767.4848;-0.004262311
767.5052;-0.004451124
767.5257;-0.004307784
767.5461;-0.0038910925
767.5665;-0.0042342707
767.587;-0.0037731729
767.6074;-0.0036289382
767.6278;-0.003404593
767.6483;-0.0036427737
767.6687;-0.0029397993
767.6891;-0.0037132965
767.7096;-0.0033796434
767.73;-0.0034505276
767.7504;-0.0024519986
767.7709;-0.0034437864
767.7913;-0.0026865648
767.8117;-0.0029488192
767.8322;-0.0028149134
767.8526;-0.002865709
767.873;-0.003156917
767.8935;-0.0031140198
767.9139;-0.0034266992
767.9343;-0.003057342
767.9548;-0.0031758856
767.9752;-0.0032017126
767.9956;-0.003217536
768.0161;-0.0034734467
768.0365;-0.0034150155
768.0569;-0.0035345352
768.0774;-0.0035006658
768.0978;-0.0031147173
768.1182;-0.0034872557
768.1387;-0.00331301
768.1591;-0.0031027352
768.1795;-0.0028107231
768.2;-0.0029525273
768.2204;-0.0036314372
768.2408;-0.003401643
768.2613;-0.002576673
768.2817;-0.0029189566
768.3021;-0.0029428317
768.3226;-0.00280429
768.343;-0.0025574977
768.3634;-0.002149834
768.3839;-0.0013797622
768.4043;-0.0015980169
768.4247;-0.0013888805
768.4452;-0.0014671657
768.4656;-0.019526212
768.486;-0.06338455
768.5065;-0.08218166
768.5269;-0.085637435
768.5473;-0.0797268
768.5678;-0.05262391
768.5882;-0.010509223
768.6086;0.0006697521
768.6291;0.0012160027
768.6495;0.0021061995
768.6699;0.00210957
768.6904;0.0024641252
768.7108;0.003154168
768.7312;0.0032765246
768.7517;0.003185308
768.7721;0.0032864376
768.7925;0.0031705778
768.813;0.0030545555
768.8334;0.003983547
768.8538;0.0044625374
768.8743;0.0041056955
768.8947;0.0041689253
768.9151;
768.9356;0.004470001
768.956;0.0042769588
768.9764;0.004455596
768.9969;0.0040266146
769.0173;0.0040988717
769.0377;0.0038721587
769.0582;0.0040853615
769.0786;0.0037724383
769.099;0.0036964305
769.1195;0.0034497916
769.1399;0.003163138
769.1603;0.002951471
769.1808;0.002918731
769.2012;0.0028290595
769.2216;0.0022236723
769.2421;0.00160942
769.2625;0.0018789035
769.2829;0.0013137748
769.3034;0.00081167714
769.3238;0.0008133398
769.3442;-0.0002717339
769.3647;0.00046190192
769.3851;-0.0003101312
769.4055;-0.0005375762
769.426;-0.00065384264
769.4464;-0.0016567727
769.4668;-0.0018506283
769.4873;-0.0028659205
769.5077;
769.5281;-0.0034625693
769.5486;-0.0032087013
769.569;-0.0038793967
769.5894;-0.0045233346
769.6099;-0.0043015922
769.6303;-0.0048651756
769.6507;-0.0052046124
769.6712;-0.005339585
769.6916;-0.005990517
769.712;-0.006407299
769.7325;-0.0068522217
769.7529;-0.007631412
769.7733;-0.008148231
769.7938;-0.008045067
769.8142;-0.008502271
769.8346;-0.0084292
769.8551;-0.008554575
769.8755;-0.009109456
769.8959;-0.009304044
769.9164;-0.009408762
769.9368;-0.010209667
769.9572;-0.010226467
769.9777;-0.010738079
769.9981;-0.010981303
770.0185;-0.010733535
770.039;-0.010936011
770.0594;-0.010725492
770.0798;-0.012749525
770.1003;-0.017639477
770.1207;-0.017477512
770.1411;-0.017349055
770.1616;-0.012033755
770.182;-0.00994914
770.2024;-0.009926413
770.2229;-0.009732649
770.2433;-0.009582233
770.2637;-0.009507535
770.2842;-0.0098527465
770.3046;-0.008797368
770.325;-0.009181537
770.3455;-0.008893184
770.3659;-0.008287807
770.3863;-0.007818576
770.4068;-0.008203477
770.4272;-0.007535312
770.4476;-0.0074715125
770.4681;-0.007493924
770.4885;-0.0071279826
770.5089;-0.0070027793
770.5294;-0.0074705556
770.5498;-0.0069560236
770.5702;-0.0069162985
770.5907;-0.0067565297
770.6111;-0.00584966
770.6315;-0.0070198053
770.652;-0.0063745757
770.6724;-0.005843208
770.6928;-0.0054328605
770.7133;-0.00616431
770.7337;-0.0063094487
770.7541;-0.0058509535
770.7746;-0.006063678
770.795;-0.005562728
770.8154;-0.00573495
770.8359;-0.0053835665
770.8563;-0.0058493908
770.8767;-0.005931661
770.8972;-0.005585402
770.9176;-0.0055660903
770.938;-0.005860145
770.9585;-0.0058090338
770.9789;-0.0055780197
770.9993;-0.005815387
771.0198;-0.0053900746
771.0402;-0.0056345174
771.0606;-0.0052424693
771.0811;-0.0050429297
771.1015;-0.0048618526
771.1219;-0.004629537
771.1424;-0.004848849
771.1628;-0.0044072703
771.1832;-0.0044152862
771.2037;-0.004304966
771.2241;-0.004114129
771.2445;-0.0035518564
771.265;-0.0033628086
771.2854;-0.0034115708
771.3058;-0.0033039348
771.3263;-0.002797536
771.3467;-0.0022530747
771.3671;-0.0018312593
771.3876;-0.0017118304
771.408;-0.0016761718
771.4284;-0.0007714982
771.4489;-0.00038929083
771.4693;-0.00014786632
771.4897;0.00096550095
771.5102;0.0007824623
771.5306;0.0013096817
771.551;0.0012894664
771.5715;0.0014945363
771.5919;0.002177666
771.6123;0.0025597105
771.6328;0.0025786152
771.6532;0.003273863
771.6736;0.003305374
771.6941;0.0037661465
771.7145;0.0043575354
771.7349;0.0044301995
771.7554;0.004339715
771.7758;0.004278265
771.7962;0.0048031257
771.8167;0.005370848
771.8371;0.005315579
771.8575;0.005308295
771.878;0.005916601
771.8984;
771.9188;0.0057105008
771.9393;0.0057425806
771.9597;0.005931547
771.9801;0.0053996826
772.0006;0.0054590083
772.021;0.0051368135
772.0414;0.00543216
772.0619;0.0050880057
772.0823;0.004775001
772.1027;0.0042241053
772.1232;0.00422772
772.1436;0.0043139663
772.164;0.0035919512
772.1845;0.004234253
772.2049;0.003698566
772.2253;0.003415491
772.2458;0.003738246
772.2662;0.0031075648
772.2866;0.0027466568
772.3071;0.002646087
772.3275;0.0025239647
772.3479;0.0020436638
772.3684;0.00148984
772.3888;0.0015364783
772.4092;0.00099583
772.4297;0.0010023724
772.4501;0.0009630445
772.4706;0.0010083002
772.491;0.00048253537
772.5114;0.00017652522
772.5319;0.0003149855
772.5523;-0.0001799551
772.5727;-0.00033192555
772.5932;-0.0006893365
772.6136;-0.0010346292
772.634;-0.0015774734
772.6545;-0.0012375579
772.6749;-0.0017346943
772.6953;-0.002445323
772.7158;-0.0021267973
772.7362;-0.0022059772
772.7566;-0.0025177617
772.7771;-0.0024102884
772.7975;-0.0032867496
772.8179;-0.0035695806
772.8384;-0.0034629207
772.8588;
772.8792;-0.004205476
772.8997;-0.0037383598
772.9201;-0.004625638
772.9405;-0.003960564
772.961;-0.0045897807
772.9814;-0.0049236873
773.0018;-0.0043613333
773.0223;-0.0048323628
773.0427;-0.0046581984
773.0631;-0.0046030204
773.0836;-0.004465129
773.104;-0.0038596701
773.1244;-0.0040313224
773.1449;-0.004233474
773.1653;-0.0045709587
773.1857;-0.016657509
773.2062;-0.05959478
773.2266;-0.08214497
773.247;-0.08615143
773.2675;-0.082412146
773.2879;-0.059564624
773.3083;-0.016861351
773.3288;-0.0022232328
773.3492;-0.0020974602
773.3696;-0.0014727256
773.3901;-0.0017110689
773.4105;-0.0013264216
773.4309;-0.0011721833
773.4514;-0.0013429411
773.4718;-0.0011495828
773.4922;-9.42041e-05
773.5127;-0.00068389456
773.5331;-0.00018017965
773.5535;7.254977e-05
773.574;2.199827e-05
773.5944;2.5775455e-05
773.6148;0.00025744032
773.6353;0.00016565432
773.6557;-4.121413e-05
773.6761;0.00014986687
773.6966;0.00018308565
773.717;0.00029161634
773.7374;0.00040014702
773.7579;0.00064466207
773.7783;0.00035947247
773.7987;0.0010223509
773.8192;0.000118806594
773.8396;0.00076981075
773.86;0.00095519866
773.8805;0.0006092553
773.9009;0.00050982425
773.9213;0.0009214732
773.9418;0.0012674072
773.9622;0.0009178853
773.9826;0.0008818106
774.0031;0.0013969931
774.0235;0.0011642616
774.0439;0.0010344944
774.0644;0.0013734339
774.0848;0.001461876
774.1052;0.0018133405
774.1257;0.0020023882
774.1461;0.0022568256
774.1665;0.0022828872
774.187;0.004396537
774.2074;0.0028350297
774.2278;0.0034355277
774.2483;0.003911265
774.2687;0.0038907244
774.2891;0.0037016673
774.3096;0.0042201844
774.33;0.0046190643
774.3504;0.004210741
774.3709;0.005072797
774.3913;0.0050904816
774.4117;0.0053349156
774.4322;0.006072699
774.4526;0.0060807057
774.473;0.0065696184
774.4935;0.006697099
774.5139;0.0071390844
774.5343;0.0076279156
774.5548;0.007730997
774.5752;0.00798698
774.5956;0.008021744
774.6161;0.008458687
774.6365;0.008695475
774.6569;0.009396335
774.6774;0.009176942
774.6978;0.008911516
774.7182;0.009149442
774.7387;0.009432346
774.7591;0.009027519
774.7795;0.0100435335
774.8;0.007177732
774.8204;0.0026109868
774.8408;0.001557876
774.8613;0.0017939328
774.8817;
774.9021;0.00954121
774.9226;0.008592689
774.943;0.008642987
774.9634;0.0087020695
774.9839;0.008488125
775.0043;0.008371696
775.0247;0.008043971
775.0452;0.0073236637
775.0656;0.007683587
775.086;0.0067066825
775.1065;0.0065251077
775.1269;0.0064260834
775.1473;0.0058346847
775.1678;0.005534205
775.1882;0.005422981
775.2086;0.005622358
775.2291;0.005034294
775.2495;0.0050681634
775.2699;0.004550369
775.2904;0.004045425
775.3108;0.0037873182
775.3312;0.0030191077
775.3517;0.0029862048
775.3721;0.0028170738
775.3925;0.002628586
775.413;0.0020425553
775.4334;0.0020842324
775.4538;0.0018040853
775.4743;0.0015171065
775.4947;0.00063438277
775.5151;0.00060416386
775.5356;0.00037021242
775.556;0.0005228242
775.5764;-0.000631055
775.5969;-0.0010373455
775.6173;-0.0010708176
775.6377;-0.0013553565
775.6582;-0.0018289885
775.6786;-0.0017006133
775.699;-0.0023384513
775.7195;-0.0023120642
775.7399;-0.0022571303
775.7603;-0.003290234
775.7808;-0.0030631234
775.8012;-0.003506826
775.8216;-0.0035392407
775.8421;-0.003944393
775.8625;-0.0035939042
775.8829;-0.0038290755
775.9034;-0.004815902
775.9238;-0.0041312273
775.9443;-0.00497109
775.9647;-0.0043542446
775.9851;-0.005045354
776.0056;-0.0049277144
776.026;-0.004277442
776.0464;-0.0042770808
776.0669;-0.0044097756
776.0873;-0.0038826377
776.1077;-0.0041837683
776.1282;-0.0034499695
776.1486;-0.0036730228
776.169;-0.0038950187
776.1895;-0.0037957595
776.2099;-0.003374839
776.2303;-0.0031535844
776.2508;-0.003438286
776.2712;-0.0029065122
776.2916;-0.0031213511
776.3121;-0.0026389447
776.3325;-0.0023944296
776.3529;-0.002315991
776.3734;-0.0018832777
776.3938;-0.0018065472
776.4142;-0.0020543248
776.4347;-0.0016355187
776.4551;-0.0014743673
776.4755;-0.0010031846
776.496;-0.0008666762
776.5164;-0.00044225843
776.5368;-0.00090214564
776.5573;5.352209e-05
776.5777;-0.00070972735
776.5981;-0.0006585346
776.6186;-0.0007715478
776.639;-0.00085682736
776.6594;-0.0004210233
776.6799;-0.00080234534
776.7003;-0.0013124134
776.7207;-0.0010333329
776.7412;-0.00077751296
776.7616;-0.001296934
776.782;-0.00087780267
776.8025;-0.0006682597
776.8229;-0.0015778224
776.8433;-0.0006298811
776.8638;-0.0014032155
776.8842;-0.0012998086
776.9046;-0.0014172137
776.9251;-0.00094668154
776.9455;-0.0012103999
776.9659;-0.0010150084
776.9864;-0.0011934112
777.0068;-0.0013165907
777.0272;-0.001373486
777.0477;-0.0009808684
777.0681;-0.0008049961
777.0885;-0.0006039115
777.109;-0.000417873
777.1294;-6.909242e-05
777.1498;-0.0001348527
777.1703;1.1577941e-05
777.1907;0.00026707258
777.2111;0.00045408707
777.2316;0.0010626368
777.252;0.0010458374
777.2724;0.0010601062
777.2929;0.0015377954
777.3133;0.0015414099
777.3337;0.0015320929
777.3542;0.0025234646
777.3746;0.0028063676
777.395;0.0028490208
777.4155;0.0027810645
777.4359;0.003707616
777.4563;0.0032335774
777.4768;0.0037873103
777.4972;0.0043975683
777.5176;0.0044381064
777.5381;0.005423053
777.5585;0.0061688074
777.5789;0.0060665295
777.5994;0.0066807726
777.6198;0.006081241
777.6402;0.006383826
777.6607;0.0063918326
777.6811;0.0065573757
777.7015;0.0066004354
777.722;0.00670799
777.7424;0.007210729
777.7628;0.006608107
777.7833;0.0064624804
777.8037;0.0072393026
777.8241;0.006943865
777.8446;0.0071829315
777.865;
777.8854;0.005318993
777.9059;-0.004192394
777.9263;-0.046668034
777.9467;-0.07516266
777.9672;-0.08229717
777.9876;-0.08079968
778.008;-0.05891917
778.0285;-0.014153114
778.0489;0.0041342974
778.0693;0.003799903
778.0898;0.0030212821
778.1102;0.0024194734
778.1306;0.0021537216
778.1511;0.0019287167
778.1715;0.0018391266
778.1919;0.00081171613
778.2124;0.0007052093
778.2328;0.00010144872
778.2532;-0.00026222467
778.2737;-0.00042956657
778.2941;-0.0006932849
778.3145;-0.0007757993
778.335;-0.0011911987
778.3554;-0.0013967659
778.3758;-0.0014712285
778.3963;-0.0025272672
778.4167;-0.0023435873
778.4371;-0.0023392409
778.4576;-0.0034132535
778.478;-0.004015957
778.4984;-0.00391621
778.5189;-0.0042584934
778.5393;-0.0040953085
778.5597;-0.004522745
778.5802;-0.0046516177
778.6006;-0.0045427615
778.621;-0.0046397527
778.6415;-0.0047494313
778.6619;-0.0053855614
778.6823;-0.0054430263
778.7028;-0.005911697
778.7232;-0.0054623107
778.7436;-0.006453448
778.7641;-0.006145658
778.7845;-0.0061849044
778.805;-0.0068317703
778.8254;-0.0068641035
778.8458;-0.006694982
778.8663;-0.006901525
778.8867;-0.0065690917
778.9071;-0.0068654236
778.9276;-0.0068905186
778.948;-0.006363218
778.9684;-0.0061448915
778.9889;-0.006595751
779.0093;-0.006337166
779.0297;-0.0060399487
779.0502;-0.006049916
779.0706;-0.005421278
779.091;-0.005758031
779.1115;-0.004999752
779.1319;-0.0055011176
779.1523;-0.0051960116
779.1728;-0.0053498526
779.1932;-0.004780992
779.2136;-0.004587959
779.2341;-0.0049329265
779.2545;-0.00475128
779.2749;-0.004468214
779.2954;-0.0043783896
779.3158;-0.0038166859
779.3362;-0.004133757
779.3567;-0.0037785515
779.3771;-0.003405453
779.3975;-0.0030979882
779.418;-0.0029165044
779.4384;-0.0021766874
779.4588;-0.0025898095
779.4793;-0.0029135498
779.4997;-0.0031000855
779.5201;-0.0050470983
779.5406;-0.008683261
779.561;-0.010415806
779.5814;-0.010342004
779.6019;-0.0059778616
779.6223;-0.0033393062
779.6427;-0.0030463997
779.6632;-0.0031198864
779.6836;-0.003483397
779.704;-0.0032492923
779.7245;-0.0036520043
779.7449;-0.0025675092
779.7653;-0.0038001162
779.7858;-0.0038110598
779.8062;-0.0039321245
779.8266;-0.0042308965
779.8471;-0.003387058
779.8675;-0.0035731872
779.8879;-0.0036513098
779.9084;-0.003891361
779.9288;-0.0036912523
779.9492;-0.003874047
779.9697;-0.003561133
779.9901;-0.003990033
780.0105;-0.0031038218
780.031;-0.003017413
780.0514;-0.003600597
780.0718;-0.003047108
780.0923;-0.0031178293
780.1127;-0.0026478665
780.1331;-0.0023887933
780.1536;-0.0026839052
780.174;-0.0018526729
780.1944;-0.0016533775
780.2149;-0.002043646
780.2353;-0.0016006848
780.2557;-0.00063834805
780.2762;-0.00011592716
780.2966;-0.00016452673
780.317;0.0005230761
780.3375;0.00079353555
780.3579;0.0010051118
780.3783;0.0014333521
780.3988;0.0013780021
780.4192;0.0019300273
780.4396;0.0019157492
780.4601;0.0026615844
780.4805;0.0029243175
780.5009;0.003139147
780.5214;0.0032330384
780.5418;0.0037424462
780.5622;0.0038488624
780.5827;0.004074509
780.6031;0.0045499206
780.6235;0.004728314
780.644;0.0050194315
780.6644;0.005247274
780.6848;0.0059097456
780.7053;0.005268736
780.7257;0.0057394304
780.7461;0.0055872975
780.7666;0.0050074477
780.787;0.005244806
780.8074;0.0047170077
780.8279;0.0045776437
780.8483;
780.8687;0.004450027
780.8892;
780.9096;0.004003351
780.93;0.0034786437
780.9505;0.0029710156
780.9709;0.0026365397
780.9913;0.0025507722
781.0118;0.0027500677
781.0322;0.0018177324
781.0526;0.001507981
781.0731;0.0013065618
781.0935;0.00074509287
781.1139;-1.8888519e-05
781.1344;-1.2346104e-05
781.1548;-0.0005616154
781.1752;-0.0013234821
781.1957;-0.002343817
781.2161;-0.0013867666
781.2366;-0.0020390814
781.257;-0.0026027462
781.2774;-0.0026923362
781.2979;8.8710105e-05
781.3183;-0.0019071823
781.3387;-0.003211848
781.3592;-0.003471825
781.3796;-0.0037884081
781.4;-0.003932408
781.4205;-0.0048142374
781.4409;-0.0044729393
781.4613;-0.005449518
781.4818;-0.0053239893
781.5022;-0.005264257
781.5226;-0.0056144297
781.5431;-0.0059856665
781.5635;-0.0057761236
781.5839;-0.006197623
781.6044;-0.005897559
781.6248;-0.0060817366
781.6452;-0.0063421205
781.6657;-0.0057542287
781.6861;-0.0061978498
781.7065;-0.006647001
781.727;-0.006215101
781.7474;-0.0063895187
781.7678;-0.006370614
781.7883;-0.0064239306
781.8087;-0.006667642
781.8291;-0.006240784
781.8496;-0.00643773
781.87;-0.0057842047
781.8904;-0.0062175784
781.9109;-0.005898158
781.9313;-0.0057916604
781.9517;-0.0057163127
781.9722;-0.0049956897
781.9926;-0.0052355784
782.013;-0.0047786282
782.0335;-0.0041429955
782.0539;-0.0046419213
782.0743;-0.0038860824
782.0948;-0.004050659
782.1152;-0.0038939808
782.1356;-0.0039148466
782.1561;-0.0034768467
782.1765;-0.0027046602
782.1969;-0.0022037106
782.2174;
782.2378;
782.2582;
782.2787;-0.0017162351
782.2991;-0.0017790674
782.3195;-0.00096076675
782.34;-0.0013722624
782.3604;-0.00093353045
782.3808;-0.00088624156
782.4013;-0.00097379833
782.4217;-0.00035898617
782.4421;-0.00061977666
782.4626;-0.0008346968
782.483;-0.00050990866
782.5034;-0.00013843694
782.5239;-0.0003314792
782.5443;-0.00029151002
782.5647;0.00011037926
782.5852;-0.00012300289
782.6056;3.627795e-05
782.626;-0.007813042
782.6465;-0.047494657
782.6669;-0.07768136
782.6873;-0.08356492
782.7078;-0.08006931
782.7282;-0.0654094
782.7486;-0.022700349
782.7691;-0.0008033328
782.7895;-0.00062079146
782.8099;-0.0008876004
782.8304;-0.00081940956
782.8508;-0.0005272349
782.8712;-0.0010388482
782.8917;-0.0006949475
782.9121;-0.00061171054
782.9325;-0.0007688861
782.953;-0.0004880164
782.9734;0.00022821472
782.9938;0.00094477116
783.0143;0.0005135123
783.0347;0.00058406166
783.0551;0.0012218903
783.0756;0.0017487031
783.096;0.0017245027
783.1164;0.0015918075
783.1369;0.0017087965
783.1573;0.0026783717
783.1777;0.0027964993
783.1982;0.0033944761
783.2186;0.003523502
783.239;0.0043735215
783.2595;0.0044316277
783.2799;0.0050005694
783.3003;0.0051931143
783.3208;0.0056917868
783.3412;0.005621391
783.3616;0.0063671446
783.3821;0.0071022445
783.4025;0.007641745
783.423;0.0077232737
783.4434;0.008065385
783.4638;0.008485086
783.4843;0.008723664
783.5047;0.009242262
783.5251;0.009276213
783.5456;0.009614827
783.566;0.009719942
783.5864;0.009809929
783.6069;0.010119346
783.6273;0.010160454
783.6477;0.010821055
783.6682;0.0110602025
783.6886;0.010476693
783.709;0.010646465
783.7295;0.010847713
783.7499;0.01035627
783.7703;0.009882718
783.7908;0.009911871
783.8112;
783.8316;0.008455235
783.8521;0.00915642
783.8725;0.008378856
783.8929;0.008122376
783.9134;0.007955197
783.9338;0.0072810855
783.9542;0.0068084295
783.9747;0.0066170953
783.9951;0.0063485783
784.0155;0.005384118
784.036;0.005334298
784.0564;0.005004458
784.0768;0.0047940114
784.0973;0.004472548
784.1177;0.0035682719
784.1381;0.003360997
784.1586;0.0030310755
784.179;0.0022979998
784.1994;0.0020937338
784.2199;0.0023061233
784.2403;-0.00029966535
784.2607;-0.0047664554
784.2812;-0.006202795
784.3016;-0.0066019283
784.322;-0.0031054188
784.3425;4.6575253e-05
784.3629;-0.00061590585
784.3833;-0.00043385255
784.4038;-0.0005938747
784.4242;-0.0007352722
784.4446;-0.001203943
784.4651;-0.00130679
784.4855;-0.0014945458
784.5059;-0.0016820576
784.5264;-0.0021409688
784.5468;-0.0018778292
784.5672;-0.0017740156
784.5877;-0.0018867035
784.6081;-0.0018852036
784.6285;-0.0016275943
784.649;-0.0018844809
784.6694;-0.0011560502
784.6898;-0.0015688472
784.7103;-0.0019345538
784.7307;-0.0018553021
784.7511;-0.0015754896
784.7716;-0.001794395
784.792;-0.00167399
784.8124;-0.0015468347
784.8329;-0.0013873912
784.8533;-0.0011944397
784.8737;-0.0013443768
784.8942;-0.0009882766
784.9146;-0.00049423997
784.935;-0.00079423166
784.9555;-0.0003805495
784.9759;0.00033316042
784.9963;-0.0006534222
785.0168;0.00038829303
785.0372;0.0008278383
785.0576;0.00018756036
785.0781;0.0009121685
785.0985;0.001015982
785.1189;0.0012068191
785.1394;0.0014588165
785.1598;0.001269922
785.1802;0.0012134335
785.2007;0.0015893783
785.2211;0.0019250647
785.2415;0.0023563143
785.262;0.0027542184
785.2824;0.002086776
785.3028;0.0024536934
785.3233;0.0024597477
785.3437;0.002885467
785.3641;0.002918523
785.3846;0.002980614
785.405;0.0030767012
785.4255;0.002875038
785.4459;0.0030882407
785.4663;0.0026566566
785.4868;0.0030904273
785.5072;0.0032541812
785.5276;0.0026353747
785.5481;0.0030140847
785.5685;0.002980694
785.5889;0.0026625656
785.6094;0.0028118428
785.6298;0.0025251892
785.6502;0.0026086702
785.6707;0.002534533
785.6911;0.0021777726
785.7115;0.0022724771
785.732;0.0018752143
785.7524;0.001555134
785.7728;0.0015179206
785.7933;0.0019151741
785.8137;0.0013079976
785.8341;0.0017009405
785.8546;0.0016999192
785.875;0.0019616764
785.8954;0.0023368893
785.9159;0.0021072484
785.9363;0.0021173693
785.9567;0.0021541666
785.9772;0.0022370783
785.9976;0.0025057483
786.018;0.0029618037
786.0385;0.0028371604
786.0589;0.0033172893
786.0793;0.0037150308
786.0998;0.0041012233
786.1202;0.004817129
786.1406;0.004320481
786.1611;0.0045317314
786.1815;0.0053810193
786.2019;0.005751515
786.2224;0.0057012886
786.2428;0.006718605
786.2632;0.0066301534
786.2837;0.006291855
786.3041;0.0070936456
786.3245;0.0070593604
786.345;0.006982702
786.3654;0.007689987
786.3858;0.007814946
786.4063;0.007332124
786.4267;
786.4471;0.008888126
786.4676;0.008993079
786.488;0.0093501555
786.5084;0.009602722
786.5289;0.00986578
786.5493;0.010097527
786.5697;0.009803065
786.5902;0.0098374225
786.6106;0.010255578
786.631;0.00984026
786.6515;0.0098036155
786.6719;0.009627897
786.6923;0.009506751
786.7128;0.009384221
786.7332;0.008953695
786.7536;0.008899809
786.7741;0.008797694
786.7945;
786.8149;0.007480133
786.8354;0.0075427117
786.8558;0.006868763
786.8762;0.0064065987
786.8967;0.0054274984
786.9171;0.0056616846
786.9375;0.0050467
786.958;0.0050717047
786.9784;0.004536099
786.9988;0.0035615533
787.0193;0.0044811103
787.0397;0.002978324
787.0601;0.0029325709
787.0806;0.002254393
787.101;0.0016688504
787.1214;0.00078043353
787.1419;0.0014163916
787.1623;0.00030813875
787.1827;0.00020447854
787.2032;-2.5325078e-05
787.2236;-0.0005968789
787.2441;-0.00071094936
787.2645;-0.0008167242
787.2849;-0.0014347176
787.3054;
787.3258;-0.0016150364
787.3462;-0.007704367
787.3667;-0.044598058
787.3871;-0.07846041
787.4075;-0.08689831
787.428;-0.08325923
787.4484;-0.07145735
787.4688;-0.02975997
787.4893;-0.0041170395
787.5097;-0.0029236432
787.5301;-0.002946705
787.5506;-0.00215687
787.571;-0.001189816
787.5914;-0.0016685718
787.6119;-0.002013702
787.6323;-0.0027579202
787.6527;-0.0027059952
787.6732;-0.0021873969
787.6936;-0.0024272043
787.714;-0.0021576395
787.7345;-0.002326364
787.7549;-0.0023288492
787.7753;-0.0024574779
787.7958;-0.00208503
787.8162;-0.0017162423
787.8366;-0.0015937227
787.8571;-0.0014938131
787.8775;-0.0013596633
787.8979;-0.0015186282
787.9184;-0.0012277549
787.9388;-0.0009389148
787.9592;-0.00094310794
787.9797;-0.00038872423
788.0001;-0.00059681264
788.0205;-0.0002705606
788.041;1.2179741e-05
788.0614;-0.00015133963
788.0818;2.5345904e-05
788.1023;-5.9527007e-05
788.1227;0.00047712668
788.1431;0.0006569841
788.1636;0.0004966366
788.184;0.00076229754
788.2044;0.0010953001
788.2249;0.00081116776
788.2453;0.0012677924
788.2657;0.0016071387
788.2862;0.0011653882
788.3066;0.0019638443
788.327;0.0016806066
788.3475;0.0015287175
788.3679;0.0017337872
788.3883;0.0018710276
788.4088;0.0015809581
788.4292;0.0017735844
788.4496;0.0016525196
788.4701;0.0015595136
788.4905;0.0019652254
788.5109;0.0011174737
788.5314;0.00088612485
788.5518;0.0010892428
788.5722;0.0009598008
788.5927;0.00063939515
788.6131;0.0009401908
788.6335;0.00019646066
788.654;0.00019893657
788.6744;0.0003660251
788.6948;-0.0005136081
788.7153;-0.00039792032
788.7357;-0.00043903748
788.7561;0.0009109198
788.7766;-0.00017187661
788.797;-0.00010116454
788.8174;-0.00078389695
788.8379;-0.00034183043
788.8583;-0.0001999543
788.8787;-0.00021122323
788.8992;0.00081268064
788.9196;0.0003102577
788.9401;0.00055648066
788.9605;0.00048169272
788.9809;-0.0048443526
789.0014;-0.006146497
789.0218;-0.0060040513
789.0422;-0.00257895
789.0627;0.002142232
789.0831;
789.1035;0.0025396028
789.124;0.0028562578
789.1444;0.003165756
789.1648;0.0032206897
789.1853;0.0039134165
789.2057;0.003729239
789.2261;0.0038674555
789.2466;0.0044521755
789.267;0.0044670133
789.2874;0.00523188
789.3079;0.005789924
789.3283;0.005333127
789.3487;0.00584221
789.3692;0.006095183
789.3896;0.006845248
789.41;0.0067906296
789.4305;0.006886473
789.4509;0.0070692585
789.4713;0.0076138824
789.4918;0.007856282
789.5122;0.007792881
789.5326;0.0077632316
789.5531;0.008298014
789.5735;0.007655134
789.5939;0.0073473346
789.6144;0.007234728
789.6348;0.0074510216
789.6552;0.0072849807
789.6757;0.0068789343
789.6961;0.006370249
789.7165;0.0061724894
789.737;0.0060661454
789.7574;0.0051299063
789.7778;
789.7983;0.0045547285
789.8187;0.0049962257
789.8391;0.0038212007
789.8596;0.0036409274
789.88;0.0030833625
789.9004;0.0024588625
789.9209;0.0018477822
789.9413;0.0009530216
789.9617;0.0007616059
789.9822;0.00018086181
790.0026;-0.00019810168
790.023;-0.0006109799
790.0435;-0.0015622652
790.0639;-0.0016851194
790.0843;-0.0015961893
790.1048;-0.0026815883
790.1252;-0.0028433183
790.1456;-0.0035688304
790.1661;-0.0036728974
790.1865;-0.002781074
790.2069;-0.004194153
790.2274;-0.004766276
790.2478;-0.0046323705
790.2682;-0.0055360775
790.2887;-0.0054294174
790.3091;-0.0052992525
790.3295;-0.005907893
790.35;-0.0061893417
790.3704;-0.0059684934
790.3908;-0.006084353
790.4113;-0.0059055532
790.4317;-0.0061995266
790.4521;-0.006433722
790.4726;-0.0063386923
790.493;-0.005884182
790.5134;-0.0065173027
790.5339;-0.0062555457
790.5543;-0.0060429936
790.5748;-0.0062430305
790.5952;-0.0064067123
790.6156;-0.006079159
790.6361;-0.0061351596
790.6565;-0.005614528
790.6769;-0.0054396316
790.6974;-0.0057192096
790.7178;-0.0049948455
790.7382;-0.0055046696
790.7587;-0.0052318512
790.7791;-0.0050557354
790.7995;-0.004626031
790.82;-0.004112963
790.8404;-0.004095929
790.8608;-0.0037043686
790.8813;-0.0037609385
790.9017;-0.0023019987
790.9221;-0.001828376
790.9426;-0.002340152
790.963;-0.0020050348
790.9834;-0.0022429714
791.0039;-0.0021224038
791.0243;-0.0013582691
791.0447;-0.0020405948
791.0652;-0.001164875
791.0856;-0.0011536154
791.106;-0.0010799754
791.1265;-0.00088157464
791.1469;-0.00033182677
791.1673;-8.18626e-05
791.1878;2.9189332e-05
791.2082;0.0002001004
791.2286;0.0002917957
791.2491;0.00041886972
791.2695;0.0004301293
791.2899;0.001083004
791.3104;0.0010604302
791.3308;0.0011698556
791.3512;0.0014064002
791.3717;0.00087852083
791.3921;0.00072142656
791.4125;0.0016709132
791.433;0.0005716067
791.4534;0.0010333551
791.4738;0.00024204672
791.4943;0.00041848826
791.5147;0.00045325232
791.5351;0.00030632433
791.5556;0.0002259246
791.576;-9.000787e-05
791.5964;5.430818e-05
791.6169;-2.7799495e-05
791.6373;-0.00012592925
791.6577;-0.00016452519
791.6782;-0.00085441465
791.6986;-0.00017559547
791.719;-0.00027624646
791.7395;-0.00023944916
791.7599;7.663661e-05
791.7803;0.00025738866
791.8008;-2.9671532e-05
791.8212;0.00046460904
791.8416;0.00015502036
791.8621;0.00044044456
791.8825;
791.9029;0.0006888995
791.9234;
791.9438;0.0016882776
791.9642;0.0019114028
791.9847;0.0020836152
792.0051;0.0023255276
792.0255;0.0026187594
792.046;0.003228041
792.0664;0.00019494277
792.0868;-0.036297303
792.1073;-0.07460151
792.1277;-0.08022921
792.1482;-0.078360446
792.1686;-0.06516293
792.189;-0.025134124
792.2095;0.0041690776
792.2299;0.006077449
792.2503;0.0062590144
792.2708;0.0067110844
792.2912;0.0068540177
792.3116;0.007376764
792.3321;0.0074493466
792.3525;0.008598337
792.3729;0.008484592
792.3934;0.00912486
792.4138;0.008874887
792.4342;0.0089869145
792.4547;0.009797001
792.4751;0.010212473
792.4955;0.009596187
792.516;0.010095022
792.5364;0.0101099415
792.5568;0.009237709
792.5773;0.010203543
792.5977;0.009681845
792.6181;0.009644713
792.6386;0.009585215
792.659;0.009313689
792.6794;0.00862201
792.6999;0.0090652965
792.7203;0.008440797
792.7407;0.007761562
792.7612;
792.7816;0.0070741484
792.802;0.0067208037
792.8225;0.006176577
792.8429;0.0056527643
792.8633;0.005301534
792.8838;0.005175671
792.9042;0.004091573
792.9246;0.0035549914
792.9451;0.003212708
792.9655;0.0029132043
792.9859;0.0021441802
793.0064;0.00162419
793.0268;0.0012010641
793.0472;0.0009804508
793.0677;-0.00013251916
793.0881;-0.00045178615
793.1085;-0.000583668
793.129;-0.0013648102
793.1494;-0.0012467637
793.1698;-0.0011109061
793.1903;0.00063805794
793.2107;-0.0024962968
793.2311;-0.0019573658
793.2516;-0.0025993518
793.272;-0.00326411
793.2924;-0.0036962638
793.3129;-0.0036208343
793.3333;-0.0038382758
793.3537;-0.0035391068
793.3742;-0.0038844808
793.3946;-0.0036253263
793.415;-0.004008519
793.4355;-0.00396245
793.4559;-0.003327712
793.4763;-0.0039265114
793.4968;
793.5172;-0.0031907249
793.5376;-0.0031846706
793.5581;-0.0030366133
793.5785;-0.0044684797
793.599;-0.002697231
793.6194;-0.0030540726
793.6398;-0.0032217398
793.6603;-0.00338469
793.6807;-0.0030880421
793.7011;-0.007823059
793.7216;-0.010083032
793.742;-0.009821437
793.7624;-0.006265069
793.7829;-0.0020312995
793.8033;-0.0020042618
793.8237;-0.0016143281
793.8442;-0.001445369
793.8646;-0.0007180769
793.885;-0.0006620043
793.9055;0.00017923163
793.9259;-0.00023738781
793.9463;0.00036595677
793.9668;0.0004062513
793.9872;0.00015473248
794.0076;0.00018957787
794.0281;0.00090084784
794.0485;0.00032945673
794.0689;0.0010201501
794.0894;0.0015304527
794.1098;0.001515524
794.1302;0.0017663015
794.1507;0.002272619
794.1711;0.0025133116
794.1915;0.002518146
794.212;0.0027985277
794.2324;0.0025954817
794.2528;0.0024598588
794.2733;0.0027942439
794.2937;0.0030189143
794.3141;0.0032462685
794.3346;0.0026889476
794.355;0.0025286814
794.3754;0.0028922642
794.3959;0.0025750303
794.4163;0.0027096681
794.4367;0.002083867
794.4572;0.002463309
794.4776;0.002261239
794.498;0.0019486413
794.5185;0.001812449
794.5389;0.0018565659
794.5593;0.0015826813
794.5798;0.001608743
794.6002;0.001132427
794.6206;0.0015756321
794.6411;0.0013515217
794.6615;0.0014909579
794.6819;0.0014384545
794.7024;0.0011152836
794.7228;0.0010282961
794.7432;0.0013000568
794.7637;0.0013258746
794.7841;0.0010258829
794.8045;0.0017685463
794.825;0.0014291094
794.8454;0.001777402
794.8658;0.0020948704
794.8863;0.0024233183
794.9067;0.0031299526
794.9271;0.0031669938
794.9476;0.0035714044
794.968;0.0034042252
794.9884;0.0035668404
795.0089;0.004042903
795.0293;0.0041377703
795.0498;0.0046272525
795.0702;0.005164719
795.0906;0.005246899
795.1111;0.005526467
795.1315;0.0056368685
795.1519;0.006291858
795.1724;0.00660648
795.1928;0.0062802997
795.2132;0.0069356957
795.2337;0.006919954
795.2541;0.0070338524
795.2745;0.007560177
795.295;0.007595917
795.3154;0.007779353
795.3358;0.007972711
795.3563;0.008458289
795.3767;0.008598458
795.3971;0.0084438035
795.4176;0.008535824
795.438;0.008667046
795.4584;0.008581278
795.4789;0.008299179
795.4993;0.008347281
795.5197;0.007798419
795.5402;0.007967378
795.5606;0.00810958
795.581;0.007467919
795.6015;0.007227868
795.6219;0.006583442
795.6423;0.006460669
795.6628;0.00621037
795.6832;0.0058466154
795.7036;0.004723235
795.7241;0.00462112
795.7445;
795.7649;0.0032510196
795.7854;0.0027764929
795.8058;0.0023667053
795.8262;0.001524972
795.8467;0.0016852288
795.8671;0.0013257846
795.8875;0.00023810836
795.908;-0.00044633195
795.9284;-0.0011175968
795.9488;-0.0013408939
795.9693;-0.0016484493
795.9897;-0.0030334694
796.0101;-0.00316039
796.0306;-0.0036112496
796.051;-0.004117983
796.0714;-0.004674003
796.0919;-0.004969359
796.1123;-0.0052560936
796.1327;-0.005760875
796.1532;-0.0060633067
796.1736;-0.006973439
796.194;-0.0069321683
796.2145;-0.0071584745
796.2349;-0.007910419
796.2553;-0.008101022
796.2758;-0.00794654
796.2962;-0.008364541
796.3166;-0.008661279
796.3371;-0.008750545
796.3575;-0.008763847
796.378;-0.008708994
796.3984;-0.008747834
796.4188;-0.008955922
796.4393;-0.008354123
796.4597;-0.007903842
796.4801;-0.008477348
796.5006;-0.007963629
796.521;-0.0076508783
796.5414;-0.0072425636
796.5619;-0.00797751
796.5823;-0.007877275
796.6027;-0.008337813
796.6232;-0.007505117
796.6436;-0.007889936
796.664;-0.0076389145